日期,曝光
2026-08-01,2736
2026-08-02,3699
2026-08-03,3815
2026-08-04,3626
2026-08-05,3773
2026-08-06,3803
2026-08-07,3010
2026-08-08,2839
2026-08-09,3735
2026-08-10,4018
2026-08-11,3682
2026-08-12,3859
2026-08-13,4151
2026-08-14,3333
2026-08-15,2794
2026-08-16,3854
2026-08-17,3935
2026-08-18,3756
2026-08-19,3657
2026-08-20,3626
2026-08-21,2856
2026-08-22,2577
2026-08-23,3174
2026-08-24,3567
2026-08-25,3751
2026-08-26,3816
2026-08-27,3951
2026-08-28,3020
2026-08-29,2931
2026-08-30,3809
2026-08-31,3820
