熱門網頁,曝光
https://www.farglory-realty.com.tw/life-proposal/gift_tax/,5725
https://www.farglory-realty.com.tw/life-proposal/floor_height/,5689
https://www.farglory-realty.com.tw/life-proposal/land_household_registration/,4539
https://www.farglory-realty.com.tw/life-proposal/regulations_20230317/,3734
https://www.farglory-realty.com.tw/life-proposal/expert_zhu_ownership-criteria/,3373
https://www.farglory-realty.com.tw/life-proposal/seo_youth-home-loan/,3324
https://www.farglory-realty.com.tw/life-proposal/kw_brand_construction_20240109/,2609
https://www.farglory-realty.com.tw/life-proposal/land_zoning/,2122
https://www.farglory-realty.com.tw/life-proposal/area_presold-house-in-tainan/,1999
https://www.farglory-realty.com.tw/life-proposal/regulations2_20230320/,1904
https://www.farglory-realty.com.tw/buildings/o1/,1740
https://www.farglory-realty.com.tw/life-proposal/expert_peizhen_2026-q2-housing-outlook/,1636
https://www.farglory-realty.com.tw/life-proposal/area_presold-house-in-kaohsiung/,1553
https://www.farglory-realty.com.tw/life-proposal/house-layout/,1530
https://www.farglory-realty.com.tw/life-proposal/expert_hoshichang_vacancy-rate/,1495
https://www.farglory-realty.com.tw/life-proposal/house_and_land/,1485
https://www.farglory-realty.com.tw/life-proposal/ping/,1483
https://www.farglory-realty.com.tw/life-proposal/kw_delivery_20230607/,1425
https://www.farglory-realty.com.tw/buildings/bh7/,1310
https://www.farglory-realty.com.tw/buildings/fh2/,1288
https://www.farglory-realty.com.tw/buildings/h713/,1234
https://www.farglory-realty.com.tw/life-proposal/area_presold-house-in-taichung/,1168
https://www.farglory-realty.com.tw/life-proposal/expert_zhu_property_openspace_20240705/,1096
https://www.farglory-realty.com.tw/life-proposal/area_taoyuan_guishan_a7_function/,986
https://www.farglory-realty.com.tw/buildings/dh6/,963
https://www.farglory-realty.com.tw/life-proposal/pre_mortgage_20221215/,960
https://www.farglory-realty.com.tw/life-proposal/expert_law_y-rlee_retention-money_20250704/,884
https://www.farglory-realty.com.tw/buildings/bh13/,878
https://www.farglory-realty.com.tw/life-proposal/expert_zhu_mortgage-lien-priority/,842
https://www.farglory-realty.com.tw/life-proposal/expert_zhu_eht_20250625/,808
https://www.farglory-realty.com.tw/buildings/dh2/,787
https://www.farglory-realty.com.tw/life-proposal/taxes/,787
https://www.farglory-realty.com.tw/buildings/ah1/,775
https://www.farglory-realty.com.tw/buildings/h902/,755
https://www.farglory-realty.com.tw/life-proposal/expert_zhu_hypothec_20230815/,743
https://www.farglory-realty.com.tw/buildings/bh5/,735
https://www.farglory-realty.com.tw/buildings/eh2/,734
https://www.farglory-realty.com.tw/life-proposal/area-txg-7th_function_20231107/,733
https://www.farglory-realty.com.tw/life-proposal/expert_zhu_expert_zhu_land-agent_20250917/,710
https://www.farglory-realty.com.tw/life-proposal/expert_law_y-rlee_contract_20250613/,677
https://www.farglory-realty.com.tw/life-proposal/expert_zhu_presale_20230314/,677
https://www.farglory-realty.com.tw/life-proposal/transcript_20221007/,658
https://www.farglory-realty.com.tw/life-proposal/pre-sale-house-payment-methods/,655
https://www.farglory-realty.com.tw/life-proposal/home-inspection/,650
https://www.farglory-realty.com.tw/life-proposal/construction-base/,640
https://www.farglory-realty.com.tw/buildings/eh5/,629
https://www.farglory-realty.com.tw/buildings/eh1/,627
https://www.farglory-realty.com.tw/life-proposal/universal-design-environment20220713/,603
https://www.farglory-realty.com.tw/buildings/ah2/,569
https://www.farglory-realty.com.tw/life-proposal/expert_law_y-rlee_property-division/,569
https://www.farglory-realty.com.tw/life-proposal/ease_greenbuilding_20230608/,560
https://www.farglory-realty.com.tw/life-proposal/expert_zhu_property_offset-2_20241220/,544
https://www.farglory-realty.com.tw/life-proposal/expert_zhu_inheritance-tax-2026-2/,524
https://www.farglory-realty.com.tw/life-proposal/expert_peizhen_real-estate-2026/,512
https://www.farglory-realty.com.tw/life-proposal/expert_law_y-rlee_joint-ownership/,493
https://www.farglory-realty.com.tw/life-proposal/area-tpe-beitou_bstp_traffic_20240705/,491
https://www.farglory-realty.com.tw/buildings/bh11/,483
https://www.farglory-realty.com.tw/buildings/eh6/,479
https://www.farglory-realty.com.tw/life-proposal/land_documents/,437
https://www.farglory-realty.com.tw/life-proposal/covid-exhaust/,428
https://www.farglory-realty.com.tw/buildings/bh9/,418
https://www.farglory-realty.com.tw/life-proposal/ratio_of_public_area/,414
https://www.farglory-realty.com.tw/life-proposal/area-s-taoyuan-green20220520/,406
https://www.farglory-realty.com.tw/life-proposal/how-to-calculate-house-size/,405
https://www.farglory-realty.com.tw/life-proposal/expert_zhu_pre-sale-house-property-rights/,402
https://www.farglory-realty.com.tw/buildings/hm2/,394
https://www.farglory-realty.com.tw/life-proposal/area-s-tph_banqiao_tpark_function_20250314/,391
https://www.farglory-realty.com.tw/life-proposal/area-kaohsiung-nanzi_nuk_function_20250211/,388
https://www.farglory-realty.com.tw/life-proposal/expert_law_y-rlee_living-rights/,388
https://www.farglory-realty.com.tw/life-proposal/area-txg-port_function_20240103/,387
https://www.farglory-realty.com.tw/life-proposal/expert_macromicro_economy-2026-critical/,387
https://www.farglory-realty.com.tw/life-proposal/area-l-newtaipei-zhonghe_20220923/,377
https://www.farglory-realty.com.tw/life-proposal/expert_zhu_marriage_20230614/,371
https://www.farglory-realty.com.tw/life-proposal/expert_law_y-rlee_co-buying/,366
https://www.farglory-realty.com.tw/buildings/bh10/,361
https://www.farglory-realty.com.tw/life-proposal/parking_space20220615/,346
https://www.farglory-realty.com.tw/life-proposal/expert_zhu_asset-inheritance/,342
https://www.farglory-realty.com.tw/life-proposal/concrete/,336
https://www.farglory-realty.com.tw/life-proposal/trip/,322
https://www.farglory-realty.com.tw/life-proposal/expert_macromicro_market-analysis/,320
https://www.farglory-realty.com.tw/life-proposal/land_fund/,314
https://www.farglory-realty.com.tw/life-proposal/air_condition20220617/,303
https://www.farglory-realty.com.tw/life-proposal/shutters-home-design/,298
https://www.farglory-realty.com.tw/buildings/h707/,294
https://www.farglory-realty.com.tw/life-proposal/civil-law_20221125/,289
https://www.farglory-realty.com.tw/life-proposal/space_design_greencooldown_20240903/,282
https://www.farglory-realty.com.tw/buildings/dh3/,281
https://www.farglory-realty.com.tw/life-proposal/actual_selling_price20220708/,280
https://www.farglory-realty.com.tw/buildings/wdh2/,273
https://www.farglory-realty.com.tw/buildings/bh8/,270
https://www.farglory-realty.com.tw/buildings/rsh1/,267
https://www.farglory-realty.com.tw/life-proposal/area-tnn-dawan_function_20231129/,254
https://www.farglory-realty.com.tw/life-proposal/area-s-tainan_west-central_diamond_20250425/,248
https://www.farglory-realty.com.tw/life-proposal/expert_zhu_inheritance-tax-2026/,242
https://www.farglory-realty.com.tw/wp-content/uploads/2022/05/停車場相關辦法.pdf,239
https://www.farglory-realty.com.tw/life-proposal/handover202206010/,234
https://www.farglory-realty.com.tw/life-proposal/2021-10/,226
https://www.farglory-realty.com.tw/life-proposal/expert_zhu_false-renovation-traps/,219
https://www.farglory-realty.com.tw/life-proposal/area-l-kaohsiung-qianzhen_20220805/,217
https://www.farglory-realty.com.tw/buildings/fm3/,208
https://www.farglory-realty.com.tw/life-proposal/area-l-taoyuan-guishan/,207
https://www.farglory-realty.com.tw/life-proposal/contract/,207
https://www.farglory-realty.com.tw/life-proposal/area-l-tainan-annan20200520/,204
https://www.farglory-realty.com.tw/life-proposal/area-kaohsiung-nanzi_nuk_pet-walk_20250606/,201
https://www.farglory-realty.com.tw/life-proposal/xinzhuang/,197
https://www.farglory-realty.com.tw/life-proposal/woodfix/,196
https://www.farglory-realty.com.tw/buildings/ar1/,195
https://www.farglory-realty.com.tw/life-proposal/things-to-note-when-viewing-a-house-2/,194
https://www.farglory-realty.com.tw/life-proposal/hotel_property20220624/,191
https://www.farglory-realty.com.tw/life-proposal/yongkang/,190
https://www.farglory-realty.com.tw/life-proposal/expert_zhu_buyhouse_abroad2_20240320/,189
https://www.farglory-realty.com.tw/life-proposal/land_handover/,188
https://www.farglory-realty.com.tw/buildings/遠雄夏沐/,186
https://www.farglory-realty.com.tw/life-proposal/area_tnnyongkang_redevelop_yanxing_20230901/,186
https://www.farglory-realty.com.tw/life-proposal/expert_hoshichang_tp-office-rent-premium/,184
https://www.farglory-realty.com.tw/farglory-realty-about/national-building/,182
https://www.farglory-realty.com.tw/life-proposal/expert_zhu_property_scam_20240604/,182
https://www.farglory-realty.com.tw/life-proposal/expert_hoshichang_property_south-prices_20250404/,180
https://www.farglory-realty.com.tw/life-proposal/cubicle/,176
https://www.farglory-realty.com.tw/life-proposal/area-l-taichung-beitun20220520/,172
https://www.farglory-realty.com.tw/life-proposal/expert_zhu_public-area_20230718/,171
https://www.farglory-realty.com.tw/life-proposal/high_floor/,164
https://www.farglory-realty.com.tw/life-proposal/stone-fix/,162
https://www.farglory-realty.com.tw/life-proposal/expert_macromicro_global-bond-yields/,161
https://www.farglory-realty.com.tw/life-proposal/manual20220610/,158
https://www.farglory-realty.com.tw/life-proposal/glass-fix/,157
https://www.farglory-realty.com.tw/life-proposal/area-l-hsinchu-east20240110/,155
https://www.farglory-realty.com.tw/life-proposal/building_materials/,153
https://www.farglory-realty.com.tw/life-proposal/land_corporation/,152
https://www.farglory-realty.com.tw/farglory-realty-about/push-hand/,149
https://www.farglory-realty.com.tw/life-proposal/earthquake/,149
https://www.farglory-realty.com.tw/life-proposal/area-s-newtaipei-xinzhuangfuduxin_20220930/,147
https://www.farglory-realty.com.tw/life-proposal/area_hotspot_khh_sanmin_school_20231023/,144
https://www.farglory-realty.com.tw/life-proposal/ar1-bstk/,143
https://www.farglory-realty.com.tw/life-proposal/expert_zhu_property_parking_vedio_20240828/,141
https://www.farglory-realty.com.tw/life-proposal/area-khh-central_202306719/,140
https://www.farglory-realty.com.tw/life-proposal/area-l-taichung-xitun20220520/,140
https://www.farglory-realty.com.tw/life-proposal/area_txg_beitun_14th_school_20240917/,137
https://www.farglory-realty.com.tw/life-proposal/allagehouse/,134
https://www.farglory-realty.com.tw/wp-content/uploads/2022/05/公設管理辦法.pdf,134
https://www.farglory-realty.com.tw/life-proposal/build_rate/,133
https://www.farglory-realty.com.tw/buildings/5vo1/,132
https://www.farglory-realty.com.tw/life-proposal/2phase_construction_20221118/,132
https://www.farglory-realty.com.tw/life-proposal/area_txg_beitun_14th_function_20250829/,132
https://www.farglory-realty.com.tw/life-proposal/area-s-taichung-14th20220520/,131
https://www.farglory-realty.com.tw/life-proposal/expert_zhu_gift-and-estate-tax_20250509/,131
https://www.farglory-realty.com.tw/life-proposal/aluminumandiron/,130
https://www.farglory-realty.com.tw/life-proposal/faucet-waterknowledge/,128
https://www.farglory-realty.com.tw/life-proposal/retiredlife_20230220/,126
https://www.farglory-realty.com.tw/life-proposal/area_txg_beitun_depot_school_20240522/,125
https://www.farglory-realty.com.tw/life-proposal/expert_hoshichang_south-potential/,121
https://www.farglory-realty.com.tw/life-proposal/fixbathroom/,121
https://www.farglory-realty.com.tw/life-proposal/superficial_rights/,121
https://www.farglory-realty.com.tw/wp-content/uploads/2022/05/垃圾環境寵物相關辦法.pdf,120
https://www.farglory-realty.com.tw/life-proposal/design_living_room20220907/,119
https://www.farglory-realty.com.tw/life-proposal/area-l-tainan-west-central_20250402/,117
https://www.farglory-realty.com.tw/life-proposal/exposed_concrete_20220914/,116
https://www.farglory-realty.com.tw/life-proposal/renovation_loan20220617/,115
https://www.farglory-realty.com.tw/farglory-realty-about/second-generation/,113
https://www.farglory-realty.com.tw/life-proposal/expert_zhu_buyhouse_joint_20240117/,111
https://www.farglory-realty.com.tw/life-proposal/expert_zhu_loan-restriction2_20250219/,111
https://www.farglory-realty.com.tw/life-proposal/5vo1-news/,110
https://www.farglory-realty.com.tw/life-proposal/natural_lighting20220708/,110
https://www.farglory-realty.com.tw/life-proposal/expert_thinktank_nvidia_20250729/,109
https://www.farglory-realty.com.tw/life-proposal/area-tph_banqiao_school_20240902/,107
https://www.farglory-realty.com.tw/life-proposal/area_txg_beitun_14th_traffic_20240925/,106
https://www.farglory-realty.com.tw/life-proposal/area-s-kaohsiung-newbay_20220824/,104
https://www.farglory-realty.com.tw/life-proposal/expert_li_housing-challenges-2026/,104
https://www.farglory-realty.com.tw/life-proposal/housing-transactions/,104
https://www.farglory-realty.com.tw/life-proposal/space_style_peach_20240206/,102
https://www.farglory-realty.com.tw/life-proposal/area-kaohsiung-nanzi_nuk_traffic_20250307/,100
https://www.farglory-realty.com.tw/life-proposal/borrow_name_20221118/,99
https://www.farglory-realty.com.tw/life-proposal/expert_zhu_private-corporation_20231114/,99
https://www.farglory-realty.com.tw/life-proposal/expert_peizhen_commercial_elderly-residence_20250509/,97
https://www.farglory-realty.com.tw/life-proposal/area_txg_beitun_14th_park_20240909/,95
https://www.farglory-realty.com.tw/life-proposal/expert_law_y-rlee_renovation-fraud/,94
https://www.farglory-realty.com.tw/life-proposal/area-l-kaohsiung-gusha20200520/,93
https://www.farglory-realty.com.tw/life-proposal/area-s-taipei-shilinbstp20220520/,93
https://www.farglory-realty.com.tw/wp-content/uploads/2022/05/社區裝潢管理辦法_compressed-1.pdf,92
https://www.farglory-realty.com.tw/life-proposal/land_public_utilities/,91
https://www.farglory-realty.com.tw/buildings/dgm1/,90
https://www.farglory-realty.com.tw/life-proposal/area-l-kaohsiung-nanzi_20250121/,90
https://www.farglory-realty.com.tw/life-proposal/architectural_planning/,89
https://www.farglory-realty.com.tw/life-proposal/expert_zhu_inheritance-safe/,87
https://www.farglory-realty.com.tw/life-proposal/expert_hoshichang_northern-potential/,85
https://www.farglory-realty.com.tw/life-proposal/unwanted20220610/,85
https://www.farglory-realty.com.tw/life-proposal/tax_inspection_20230119/,84
https://www.farglory-realty.com.tw/life-proposal/area-s-kaohsiung-farm1620200520/,83
https://www.farglory-realty.com.tw/life-proposal/eh6-news/,83
https://www.farglory-realty.com.tw/life-proposal/area-khh-station_20230914/,77
https://www.farglory-realty.com.tw/life-proposal/area-l-taoyuan-taoyuan20220520/,77
https://www.farglory-realty.com.tw/life-proposal/performance_guarantee_20221914/,77
https://www.farglory-realty.com.tw/life-proposal/reduce_property_20221215/,73
https://www.farglory-realty.com.tw/life-proposal/area-txg-shuinan_traffic_20240508/,72
https://www.farglory-realty.com.tw/life-proposal/expert_zhu_regulations-trap/,72
https://www.farglory-realty.com.tw/life-proposal/kaohsiung-station-mecanoo20220610/,72
https://www.farglory-realty.com.tw/life-proposal/area-s-taichung-7th20220520/,71
https://www.farglory-realty.com.tw/life-proposal/expert_zhu_buyhouse_abroad1_20240303/,71
https://www.farglory-realty.com.tw/life-proposal/expert_peizhen_science-park-housing/,70
https://www.farglory-realty.com.tw/life-proposal/change_house/,69
https://www.farglory-realty.com.tw/life-proposal/area-l-taoyuan-zhongli20220520/,67
https://www.farglory-realty.com.tw/life-proposal/dehumidifier/,67
https://www.farglory-realty.com.tw/life-proposal/expert_shuangbei_20250822/,67
https://www.farglory-realty.com.tw/life-proposal/expert_hoshichang_central-potential/,66
https://www.farglory-realty.com.tw/life-proposal/area-kaohsiung-nanzi_nuk_pet-cafe_20250613/,65
https://www.farglory-realty.com.tw/life-proposal/earthquake-taylor/,65
https://www.farglory-realty.com.tw/life-proposal/expert_li_2026-housing-tips/,65
https://www.farglory-realty.com.tw/life-proposal/interview-s-taoyuan-green20221111/,64
https://www.farglory-realty.com.tw/life-proposal/area-txg-port_traffic_20240120/,63
https://www.farglory-realty.com.tw/life-proposal/expert_li_stock-housing-cycle/,63
https://www.farglory-realty.com.tw/life-proposal/expert_zhu_mansion-tax-count_vedio_20250625/,63
https://www.farglory-realty.com.tw/life-proposal/pre-sale_order_20221007/,63
https://www.farglory-realty.com.tw/life-proposal/area_hotspot_tnn_yongkang_school_20231216/,62
https://www.farglory-realty.com.tw/life-proposal/expert_macromicro20220726/,62
https://www.farglory-realty.com.tw/life-proposal/kw_fire-insurance_20240705/,62
https://www.farglory-realty.com.tw/life-proposal/pre-sale-property/,62
https://www.farglory-realty.com.tw/life-proposal/area_txg_xitun_eight_function_20240407/,60
https://www.farglory-realty.com.tw/life-proposal/controls_20230108/,59
https://www.farglory-realty.com.tw/life-proposal/expert_law_y-rlee_property-fraud/,57
https://www.farglory-realty.com.tw/life-proposal/qingpu/,57
https://www.farglory-realty.com.tw/life-proposal/area-tainan_west-central_redevelop_diamond_traffic_20250523/,56
https://www.farglory-realty.com.tw/life-proposal/area-txg-shuinan_school_20240501/,56
https://www.farglory-realty.com.tw/life-proposal/expert_law_y-rlee_nominee-inheritance/,56
https://www.farglory-realty.com.tw/life-proposal/land_rules/,55
https://www.farglory-realty.com.tw/life-proposal/13856/,54
https://www.farglory-realty.com.tw/life-proposal/area-kaohsiung-nanzi_nuk_school_20250225/,54
https://www.farglory-realty.com.tw/life-proposal/area-l-kaohsiung-sanmin20220520/,54
https://www.farglory-realty.com.tw/life-proposal/area-l-taipei-shilin20220520/,54
https://www.farglory-realty.com.tw/life-proposal/area_hotspot_txg_xitun_school_20231115/,54
https://www.farglory-realty.com.tw/life-proposal/area_tnn_haidian_function_20240126/,53
https://www.farglory-realty.com.tw/life-proposal/expert_zhu_area-discrepancy_20250827/,53
https://www.farglory-realty.com.tw/life-proposal/fm1-1/,52
https://www.farglory-realty.com.tw/life-proposal/tsuta-house/,52
https://www.farglory-realty.com.tw/life-proposal/area-s-tainan-yanxing20200520/,51
https://www.farglory-realty.com.tw/life-proposal/area-tpe-beitou_bstp_function_202406012/,50
https://www.farglory-realty.com.tw/life-proposal/expert_zhu_second-degree_20250321/,50
https://www.farglory-realty.com.tw/life-proposal/expert_zhu_taiwan-land-scam/,50
https://www.farglory-realty.com.tw/wp-content/uploads/2022/05/行政相關辦法.pdf,50
https://www.farglory-realty.com.tw/life-proposal/expert_zhu_private-corporation_adjust_20231227/,49
https://www.farglory-realty.com.tw/life-proposal/hm2_guishan-ai/,49
https://www.farglory-realty.com.tw/farglory-realty_edm/,48
https://www.farglory-realty.com.tw/life-proposal/ease_healthy-material_20230616/,48
https://www.farglory-realty.com.tw/life-proposal/expert_zhu_property_divide_gifttax2_20241024/,48
https://www.farglory-realty.com.tw/life-proposal/expert_peizhen_2024review_20250107/,47
https://www.farglory-realty.com.tw/life-proposal/expert_zhu_property_escrow_vedio_20240531/,47
https://www.farglory-realty.com.tw/life-proposal/presale_payment_20221021/,47
https://www.farglory-realty.com.tw/life-proposal/universal-design-home1-20220722/,47
https://www.farglory-realty.com.tw/life-proposal/expert_zhu_mansion-tax-definition_vedio_20250523/,46
https://www.farglory-realty.com.tw/life-proposal/expert_zhu_property_identity_vedio_20240229/,45
https://www.farglory-realty.com.tw/life-proposal/expert_macromicro_golden_20241119/,44
https://www.farglory-realty.com.tw/life-proposal/expert_zhu_tax-notice/,44
https://www.farglory-realty.com.tw/life-proposal/mortgage-insurance_20221021/,44
https://www.farglory-realty.com.tw/life-proposal/ar1-bstk-ai/,43
https://www.farglory-realty.com.tw/life-proposal/area-s-tainan_west-central_redevelop_diamond_20250502/,43
https://www.farglory-realty.com.tw/life-proposal/taichung-attractions/,43
https://www.farglory-realty.com.tw/life-proposal/goodandbad_20221028/,42
https://www.farglory-realty.com.tw/life-proposal/kw_meterspolicy_20240513/,42
https://www.farglory-realty.com.tw/life-proposal/area-txg-shuinan_20231027/,41
https://www.farglory-realty.com.tw/life-proposal/area-txg-port_school_20240105/,40
https://www.farglory-realty.com.tw/wp-content/uploads/2022/05/門禁相關辦法.pdf,40
https://www.farglory-realty.com.tw/life-proposal/area-s-tainan-dawan20220520/,39
https://www.farglory-realty.com.tw/life-proposal/area-tph_banqiao_traffic_20240905/,39
https://www.farglory-realty.com.tw/buildings/fh2?utm_source=web&utm_medium=fb2&utm_campaign=googlemap,38
https://www.farglory-realty.com.tw/life-proposal/5vo1-news_tech-office/,37
https://www.farglory-realty.com.tw/life-proposal/h101b/,37
https://www.farglory-realty.com.tw/life-proposal/expert_law_y-rlee_builder1_20250324/,36
https://www.farglory-realty.com.tw/life-proposal/area-s-khh-central_20240502/,35
https://www.farglory-realty.com.tw/life-proposal/area_hotspot_khh_sanmin_traffic_20230928/,34
https://www.farglory-realty.com.tw/life-proposal/expert_zhu_buyhouse_contract1_20240430/,34
https://www.farglory-realty.com.tw/life-proposal/expert_peizhen_2026-q1-market/,33
https://www.farglory-realty.com.tw/life-proposal/expert_zhu_video_delay/,33
https://www.farglory-realty.com.tw/life-proposal/kw_equity_20230605/,33
https://www.farglory-realty.com.tw/life-proposal/zhonghe-river/,33
https://www.farglory-realty.com.tw/life-proposal/area-s-tainan-haidian20200520/,32
https://www.farglory-realty.com.tw/life-proposal/healthy-house1/,32
https://www.farglory-realty.com.tw/life-proposal/shuinan/,32
https://www.farglory-realty.com.tw/life-proposal/expert_zhu_civil-law/,31
https://www.farglory-realty.com.tw/life-proposal/natural-design/,31
https://www.farglory-realty.com.tw/life-proposal/rental_housing_20230106/,31
https://www.farglory-realty.com.tw/life-proposal/small_property_20221007/,30
https://www.farglory-realty.com.tw/life-proposal/space_style_reading_20240116/,29
https://www.farglory-realty.com.tw/life-proposal/value_estimation_of_property_20221014/,29
https://www.farglory-realty.com.tw/life-proposal/area-hotspot-tnn-yongkang_park_20231207/,28
https://www.farglory-realty.com.tw/life-proposal/area-s-taichung-11_20220916/,28
https://www.farglory-realty.com.tw/life-proposal/area_hotspot_txg_xitun_traffic_20231124/,28
https://www.farglory-realty.com.tw/life-proposal/expert_macromicro_20230328/,28
https://www.farglory-realty.com.tw/life-proposal/space_design_smallhouse2_20240521/,28
https://www.farglory-realty.com.tw/life-proposal/area-l-taichung-wuqi_20220826/,27
https://www.farglory-realty.com.tw/life-proposal/ease_eewh-ec_20230711/,27
https://www.farglory-realty.com.tw/life-proposal/loan_increase_20221108/,27
https://www.farglory-realty.com.tw/life-proposal/universal-design20220708/,27
https://www.farglory-realty.com.tw/life-proposal/expert_li_property-new-era/,26
https://www.farglory-realty.com.tw/life-proposal/area-hotspot-tnn-dawan_traffic_20240313/,25
https://www.farglory-realty.com.tw/life-proposal/area-l-ntpc_banqiao_20240717/,24
https://www.farglory-realty.com.tw/life-proposal/area_hotspot_txg_xitun_park_20231129/,24
https://www.farglory-realty.com.tw/life-proposal/expert_zhu_house-purchase-risks/,24
https://www.farglory-realty.com.tw/life-proposal/expert_zhu_legal-reserve/,24
https://www.farglory-realty.com.tw/life-proposal/greenbuilding2020-design/,24
https://www.farglory-realty.com.tw/life-proposal/kw_land_rights_20230606/,24
https://www.farglory-realty.com.tw/life-proposal/area-hotspot-tnn-dawan_school_20240303/,23
https://www.farglory-realty.com.tw/life-proposal/area_fm3_ai-tech-park-banqiao/,23
https://www.farglory-realty.com.tw/life-proposal/expert_macromicro_mec_oil_20231125/,23
https://www.farglory-realty.com.tw/life-proposal/home_insurance20220602/,23
https://www.farglory-realty.com.tw/life-proposal/housing_allowance_20220826/,23
https://www.farglory-realty.com.tw/life-proposal/space_pets_20230130/,23
https://www.farglory-realty.com.tw/life-proposal/area-kaohsiung-nanzi_nuk_park_20250217/,22
https://www.farglory-realty.com.tw/life-proposal/ease_dehumidification_20230601/,22
https://www.farglory-realty.com.tw/life-proposal/expert_liu_2026-market-high/,22
https://www.farglory-realty.com.tw/life-proposal/expert_macromicro_stablecoin/,22
https://www.farglory-realty.com.tw/life-proposal/house_and_land_20220909/,22
https://www.farglory-realty.com.tw/life-proposal/kw_credibility_20230602/,22
https://www.farglory-realty.com.tw/wp-content/uploads/2021/08/8-3-驗屋檢查表.pdf,22
https://www.farglory-realty.com.tw/buildings/h95/?utm_source=googlemap&utm_medium=h95&utm_campaign=googlemap,21
https://www.farglory-realty.com.tw/life-proposal/fm2-hunt/,21
https://www.farglory-realty.com.tw/life-proposal/goodluck/,21
https://www.farglory-realty.com.tw/life-proposal/area-tpe-beitou_bstp_school_20240713/,20
https://www.farglory-realty.com.tw/life-proposal/balcony_20230414/,20
https://www.farglory-realty.com.tw/life-proposal/expert_macromicro_mfg-h2_20250820/,20
https://www.farglory-realty.com.tw/life-proposal/fm3-asset/,20
https://www.farglory-realty.com.tw/life-proposal/reconstruction/,20
https://www.farglory-realty.com.tw/life-proposal/space_furnish_saving_20231004/,20
https://www.farglory-realty.com.tw/life-proposal/area_tnn_yongkang_yanxing_school_20240323/,19
https://www.farglory-realty.com.tw/life-proposal/fg-esg-strategy-2025/,19
https://www.farglory-realty.com.tw/buildings/dh5/?utm_source=googlemap&utm_medium=dh5&utm_campaign=googlemap,18
https://www.farglory-realty.com.tw/life-proposal/area_tnn_yongkang_yanxing_traffic_20240324/,18
https://www.farglory-realty.com.tw/life-proposal/expert_macromicro_20230522/,18
https://www.farglory-realty.com.tw/life-proposal/area-txg-port_park_20240111/,17
https://www.farglory-realty.com.tw/life-proposal/area_txg_beitun_depot_traffic_20240606/,17
https://www.farglory-realty.com.tw/life-proposal/ease_mildew-proof_20230612/,17
https://www.farglory-realty.com.tw/life-proposal/expert_hoshichang_bstk-nvidia/,17
https://www.farglory-realty.com.tw/life-proposal/expert_peizhen_southern-taiwan/,17
https://www.farglory-realty.com.tw/life-proposal/expert_peizhen_tod-strategy-2026/,17
https://www.farglory-realty.com.tw/life-proposal/interview-s-taoyuan-qingshan_20230306/,17
https://www.farglory-realty.com.tw/life-proposal/2022branding_20230119/,16
https://www.farglory-realty.com.tw/life-proposal/area-l-taipei-beitou20220520/,16
https://www.farglory-realty.com.tw/life-proposal/decorate/,16
https://www.farglory-realty.com.tw/life-proposal/expert_macromicro_2026-mega-trends/,16
https://www.farglory-realty.com.tw/life-proposal/expert_zhu_property_law2_vedio_20241031/,16
https://www.farglory-realty.com.tw/life-proposal/firesafety/,16
https://www.farglory-realty.com.tw/life-proposal/taichung-gateway/,16
https://www.farglory-realty.com.tw/,15
https://www.farglory-realty.com.tw/life-proposal/area-tainan_west-central_redevelop_diamond_school_20250516/,15
https://www.farglory-realty.com.tw/life-proposal/expert_macromicro_ai-invest/,15
https://www.farglory-realty.com.tw/life-proposal/kitchen/,15
https://www.farglory-realty.com.tw/life-proposal/light/,15
https://www.farglory-realty.com.tw/life-proposal/space_furnish_kitchen_20240102/,15
https://www.farglory-realty.com.tw/buildings/bh6/,14
https://www.farglory-realty.com.tw/life-proposal/area-s-tph_banqiao_nanya_20240820/,14
https://www.farglory-realty.com.tw/life-proposal/area_s_txg_beitun_depot_20240410/,14
https://www.farglory-realty.com.tw/life-proposal/expert_zhu_credit_20231020/,14
https://www.farglory-realty.com.tw/life-proposal/indicators_20221111/,14
https://www.farglory-realty.com.tw/life-proposal/land_handover_check/,14
https://www.farglory-realty.com.tw/life-proposal/notice_20230331/,14
https://www.farglory-realty.com.tw/life-proposal/universal-design-home2-20220722/,14
https://www.farglory-realty.com.tw/life-proposal/area-tainan_west-central_redevelop_diamond_park_20250509/,13
https://www.farglory-realty.com.tw/life-proposal/expert_macromicro_mec_cycle_20240430/,13
https://www.farglory-realty.com.tw/life-proposal/expert_zhu_property_offset-1_20241125/,13
https://www.farglory-realty.com.tw/life-proposal/foreclosure_20230427/,13
https://www.farglory-realty.com.tw/wom-recommendation/h713_lin/,13
https://www.farglory-realty.com.tw/life-proposal/expert_macromicro_china-economic_20250120/,12
https://www.farglory-realty.com.tw/life-proposal/expert_zhu_property_loan-ratio_vedio_20250131/,12
https://www.farglory-realty.com.tw/life-proposal/great-southern-project/,12
https://www.farglory-realty.com.tw/life-proposal/land_bank_loan/,12
https://www.farglory-realty.com.tw/life-proposal/universal-design-base20220713/,12
https://www.farglory-realty.com.tw/buildings/hh1/?utm_source=googlemap&utm_medium=hh1&utm_campaign=googlemap,11
https://www.farglory-realty.com.tw/life-proposal/area_txg_beitun_depot_park_20240529/,11
https://www.farglory-realty.com.tw/life-proposal/expert_macromicro_2025econ_20250730/,11
https://www.farglory-realty.com.tw/life-proposal/expert_macromicro_25q2-financial-statements/,11
https://www.farglory-realty.com.tw/life-proposal/expert_zhu_land-deal_20250813/,11
https://www.farglory-realty.com.tw/life-proposal/home-loan/,11
https://www.farglory-realty.com.tw/life-proposal/house_income_20230119/,11
https://www.farglory-realty.com.tw/life-proposal/space_furnish_paint_20231128/,11
https://www.farglory-realty.com.tw/life-proposal/area-tpe-beitou_bstp_park_20240617/,10
https://www.farglory-realty.com.tw/life-proposal/area_txg_beitun_depot_function_20240513/,10
https://www.farglory-realty.com.tw/life-proposal/cleaning_20221223/,10
https://www.farglory-realty.com.tw/life-proposal/color_20230509/,10
https://www.farglory-realty.com.tw/life-proposal/daily-clean/,10
https://www.farglory-realty.com.tw/life-proposal/land_property_rights/,10
https://www.farglory-realty.com.tw/life-proposal/reverse_mortgage/,10
https://www.farglory-realty.com.tw/life-proposal/space_furnish_livingroom_20231027/,10
https://www.farglory-realty.com.tw/life-proposal/waterleaking/,10
https://www.farglory-realty.com.tw/life-proposal/area-s-kaohsiung-nstm20220520/,9
https://www.farglory-realty.com.tw/life-proposal/area_txg_xitun_eight_20240207/,9
https://www.farglory-realty.com.tw/life-proposal/expert_li_7th-cycle_20241101/,9
https://www.farglory-realty.com.tw/life-proposal/expert_macromicro_housing_2025view_20250205/,9
https://www.farglory-realty.com.tw/life-proposal/expert_tsmc-housing_20250703/,9
https://www.farglory-realty.com.tw/life-proposal/expert_zhu_inherit-siblings_20250704/,9
https://www.farglory-realty.com.tw/life-proposal/expert_zhu_loan-restriction_20250110/,9
https://www.farglory-realty.com.tw/life-proposal/kaohsiung-artplan-20220610/,9
https://www.farglory-realty.com.tw/life-proposal/kw_load_youthload_20230928/,9
https://www.farglory-realty.com.tw/life-proposal/library-taichung20220603/,9
https://www.farglory-realty.com.tw/life-proposal/space_design_smallhouse3_20240607/,9
https://www.farglory-realty.com.tw/life-proposal/area-hotspot-tnn-dawan_park_20240229/,8
https://www.farglory-realty.com.tw/life-proposal/expert_li_ai-projects_20250715/,8
https://www.farglory-realty.com.tw/life-proposal/expert_li_homeowners_20250410/,8
https://www.farglory-realty.com.tw/life-proposal/expert_zhu_property_law_vedio_20240930/,8
https://www.farglory-realty.com.tw/life-proposal/expert_zhu_tax_inheritance_vedio_20240327/,8
https://www.farglory-realty.com.tw/life-proposal/real-estate-tax/,8
https://www.farglory-realty.com.tw/life-proposal/space_deco_us_20221028/,8
https://www.farglory-realty.com.tw/life-proposal/area-tph_banqiao_park_20240820/,7
https://www.farglory-realty.com.tw/life-proposal/expert_li_property_20230418/,7
https://www.farglory-realty.com.tw/life-proposal/expert_macromicro_mec_china_20231222/,7
https://www.farglory-realty.com.tw/life-proposal/expert_peizhen_commercial_nvidia_20250603/,7
https://www.farglory-realty.com.tw/life-proposal/expert_zhu_inheritance_20230921/,7
https://www.farglory-realty.com.tw/life-proposal/expert_zhu_property_terminate_vedio_20250313/,7
https://www.farglory-realty.com.tw/life-proposal/house_tax/,7
https://www.farglory-realty.com.tw/life-proposal/load_type20220624/,7
https://www.farglory-realty.com.tw/life-proposal/soundproofing/,7
https://www.farglory-realty.com.tw/life-proposal/space_storage_20230428/,7
https://www.farglory-realty.com.tw/life-proposal/universal-design-safety-20220722/,7
https://www.farglory-realty.com.tw/life-proposal/urbanrenewal20220603/,7
https://www.farglory-realty.com.tw/wom-recommendation/h101b_bridge/,7
https://www.farglory-realty.com.tw/life-proposal/expert_macromicro_precious-metals_20250430/,6
https://www.farglory-realty.com.tw/life-proposal/expert_peizhen_ai-housing-trend/,6
https://www.farglory-realty.com.tw/life-proposal/healthy-house3-poison/,6
https://www.farglory-realty.com.tw/life-proposal/interior_softdeco_20230222/,6
https://www.farglory-realty.com.tw/life-proposal/office/,6
https://www.farglory-realty.com.tw/life-proposal/renovation_20230330/,6
https://www.farglory-realty.com.tw/life-proposal/tax_mitigation_mortgage_interest_20220902/,6
https://www.farglory-realty.com.tw/wom-recommendation/ms-chan/,6
https://www.farglory-realty.com.tw/buildings/bh2/?utm_source=googlemap&utm_medium=bh2&utm_campaign=googlemap,5
https://www.farglory-realty.com.tw/buildings/eh2/?utm_source=fg&utm_medium=eh2&utm_campaign=googlemap,5
https://www.farglory-realty.com.tw/life-proposal/area_hotspot_tnn_yongkang_traffic_20240102/,5
https://www.farglory-realty.com.tw/life-proposal/bathroom/,5
https://www.farglory-realty.com.tw/life-proposal/expert_liu_commercial_election_20231005/,5
https://www.farglory-realty.com.tw/life-proposal/expert_macromicro_20230117/,5
https://www.farglory-realty.com.tw/life-proposal/expert_macromicro_20230516/,5
https://www.farglory-realty.com.tw/life-proposal/expert_peizhen_2025q3review/,5
https://www.farglory-realty.com.tw/life-proposal/expert_zhu_file-taxes_20250409/,5
https://www.farglory-realty.com.tw/life-proposal/expert_zhu_tactic-tax-count_vedio_20250725/,5
https://www.farglory-realty.com.tw/life-proposal/gift_tax_20220909/,5
https://www.farglory-realty.com.tw/life-proposal/kaohsiung-greenspace/,5
https://www.farglory-realty.com.tw/life-proposal/kids_room_20230306/,5
https://www.farglory-realty.com.tw/life-proposal/space_furnish_cabinet_20231125/,5
https://www.farglory-realty.com.tw/wom-recommendation/h101_riverside/,5
https://www.farglory-realty.com.tw/build/detail/H138,4
https://www.farglory-realty.com.tw/buildings/dgm1?utm_source=fb&utm_medium=dgm1&utm_campaign=fb5-7,4
https://www.farglory-realty.com.tw/buildings/fm3/?utm_source=google_kw&utm_medium=fm3&utm_campaign=googlemap,4
https://www.farglory-realty.com.tw/life-proposal/ar1-1/,4
https://www.farglory-realty.com.tw/life-proposal/avoid-real-estate-fraud/,4
https://www.farglory-realty.com.tw/life-proposal/expert_law_y-rlee_builder2_20250425/,4
https://www.farglory-realty.com.tw/life-proposal/expert_zhu_fake-marriage-law/,4
https://www.farglory-realty.com.tw/life-proposal/expert_zhu_video_buy-vs-gift/,4
https://www.farglory-realty.com.tw/life-proposal/farglory_land_20221223/,4
https://www.farglory-realty.com.tw/life-proposal/healthy-house2water/,4
https://www.farglory-realty.com.tw/life-proposal/industrial_style_20221125/,4
https://www.farglory-realty.com.tw/life-proposal/mortgage/,4
https://www.farglory-realty.com.tw/life-proposal/nordic_design_20221219/,4
https://www.farglory-realty.com.tw/life-proposal/pet20220603/,4
https://www.farglory-realty.com.tw/life-proposal/plant_20230105/,4
https://www.farglory-realty.com.tw/life-proposal/redevelopment_zone_20221209/,4
https://www.farglory-realty.com.tw/life-proposal/space_design_cooldown_20240804/,4
https://www.farglory-realty.com.tw/wom-recommendation/【遠雄東御苑】已購證言：王小姐-超強格局、環/,4
https://www.farglory-realty.com.tw/buildings/ar1?utm_source=google_kw&utm_medium=ar1&utm_campaign=googlemap,3
https://www.farglory-realty.com.tw/buildings/dgm1/?salesId=B6026,3
https://www.farglory-realty.com.tw/life-proposal/,3
https://www.farglory-realty.com.tw/life-proposal/area-s-tph_banqiao_tpark_school_20250421/,3
https://www.farglory-realty.com.tw/life-proposal/area_hotspot_khh_sanmin_park_20230915/,3
https://www.farglory-realty.com.tw/life-proposal/electrical-safety/,3
https://www.farglory-realty.com.tw/life-proposal/emerging-markets_20241217/,3
https://www.farglory-realty.com.tw/life-proposal/expert_macromicro20220631/,3
https://www.farglory-realty.com.tw/life-proposal/expert_macromicro20220826/,3
https://www.farglory-realty.com.tw/life-proposal/expert_macromicro20220909/,3
https://www.farglory-realty.com.tw/life-proposal/expert_macromicro_defense-investment/,3
https://www.farglory-realty.com.tw/life-proposal/expert_macromicro_tariff_20250218/,3
https://www.farglory-realty.com.tw/life-proposal/expert_peizhen_2024-land-deal_20241213/,3
https://www.farglory-realty.com.tw/life-proposal/expert_zhu_inherited_20230512/,3
https://www.farglory-realty.com.tw/life-proposal/expert_zhu_multiple-inheriting_vedio_20250423/,3
https://www.farglory-realty.com.tw/life-proposal/expert_zhu_property_loan-ratio-exception_vedio_20250214/,3
https://www.farglory-realty.com.tw/life-proposal/house4-voice/,3
https://www.farglory-realty.com.tw/life-proposal/land_load_qa/,3
https://www.farglory-realty.com.tw/life-proposal/land_rights_20230111/,3
https://www.farglory-realty.com.tw/buildings/dgm1/?salesId=B2088,2
https://www.farglory-realty.com.tw/life-proposal/2022propert_news_20230204/,2
https://www.farglory-realty.com.tw/life-proposal/ai_property_20230327/,2
https://www.farglory-realty.com.tw/life-proposal/area-s-tph_banqiao_tpark_park_20250411/,2
https://www.farglory-realty.com.tw/life-proposal/branding_20221111/,2
https://www.farglory-realty.com.tw/life-proposal/donated_property20220624/,2
https://www.farglory-realty.com.tw/life-proposal/expert_law_y-rlee_land-agent_20250904/,2
https://www.farglory-realty.com.tw/life-proposal/expert_li_7th-cycle_20250114/,2
https://www.farglory-realty.com.tw/life-proposal/expert_li_afterelection_20240118/,2
https://www.farglory-realty.com.tw/life-proposal/expert_liu_commercial-2025q3/,2
https://www.farglory-realty.com.tw/life-proposal/expert_macromicro_20230320/,2
https://www.farglory-realty.com.tw/life-proposal/expert_macromicro_housing_2024trend_20231125/,2
https://www.farglory-realty.com.tw/life-proposal/expert_macromicro_housing_policy_20240507/,2
https://www.farglory-realty.com.tw/life-proposal/expert_macromicro_mec_2024risk_20240126/,2
https://www.farglory-realty.com.tw/life-proposal/expert_macromicro_mec_currency_20240521/,2
https://www.farglory-realty.com.tw/life-proposal/expert_macromicro_tariffs-to-asia_20250528/,2
https://www.farglory-realty.com.tw/life-proposal/expert_peizhen_20221226/,2
https://www.farglory-realty.com.tw/life-proposal/expert_peizhen_commerical-trend_20240603/,2
https://www.farglory-realty.com.tw/life-proposal/expert_peizhen_south_trend_20231207/,2
https://www.farglory-realty.com.tw/life-proposal/expert_zhu_property_registration-of-inheritance_20240830/,2
https://www.farglory-realty.com.tw/life-proposal/fsc-thirdhouse-100/,2
https://www.farglory-realty.com.tw/life-proposal/intelligentbuilding/,2
https://www.farglory-realty.com.tw/life-proposal/pritzkerarchitectureprize2022/,2
https://www.farglory-realty.com.tw/life-proposal/space_design_entrance_20240314/,2
https://www.farglory-realty.com.tw/life-proposal/space_furnish_maillard_20231227/,2
https://www.farglory-realty.com.tw/life-proposal/space_furnish_newhouse_20231020/,2
https://www.farglory-realty.com.tw/life-proposal/space_lamps_20230625/,2
https://www.farglory-realty.com.tw/life-proposal/tax_relief/,2
https://www.farglory-realty.com.tw/life-proposal/true_price/,2
https://www.farglory-realty.com.tw/life-proposal/youth_home_loan_20220830/,2
https://www.farglory-realty.com.tw/wom-recommendation/farglory-star8-2/,2
https://www.farglory-realty.com.tw/wom-recommendation/h101b_view/,2
https://www.farglory-realty.com.tw/wom-recommendation/h713_tsang/,2
https://www.farglory-realty.com.tw/wom-recommendation/hh1_msliu/,2
https://www.farglory-realty.com.tw/wom-recommendation/single-investment/,2
https://www.farglory-realty.com.tw/buildings/ao1/,1
https://www.farglory-realty.com.tw/buildings/bh8/?utm_source=google_kw&utm_medium=bh8&utm_campaign=googlemap,1
https://www.farglory-realty.com.tw/buildings/dh1/?utm_source=googlemap&utm_medium=dh1&utm_campaign=googlemap,1
https://www.farglory-realty.com.tw/buildings/fm3/?salesId=G0922,1
https://www.farglory-realty.com.tw/buildings/h713,1
https://www.farglory-realty.com.tw/buildings/h807/,1
https://www.farglory-realty.com.tw/life-proposal/5g-aiot/,1
https://www.farglory-realty.com.tw/life-proposal/adaoando-20200610/,1
https://www.farglory-realty.com.tw/life-proposal/area-txg-shuinan_park_20240419/,1
https://www.farglory-realty.com.tw/life-proposal/culture/,1
https://www.farglory-realty.com.tw/life-proposal/ease_greenmaterial_20230609/,1
https://www.farglory-realty.com.tw/life-proposal/expert_hoshichang_property_q1-review_20250514/,1
https://www.farglory-realty.com.tw/life-proposal/expert_ken_topics_commerical_factory_20240920/,1
https://www.farglory-realty.com.tw/life-proposal/expert_li_2022property_20220722/,1
https://www.farglory-realty.com.tw/life-proposal/expert_li_2024trend_20240711/,1
https://www.farglory-realty.com.tw/life-proposal/expert_macromicro_20221021/,1
https://www.farglory-realty.com.tw/life-proposal/expert_macromicro_20230421/,1
https://www.farglory-realty.com.tw/life-proposal/expert_macromicro_2023q2_20230816/,1
https://www.farglory-realty.com.tw/life-proposal/expert_macromicro_cut-interest-rates_20241030/,1
https://www.farglory-realty.com.tw/life-proposal/expert_macromicro_financial-statements_20250318/,1
https://www.farglory-realty.com.tw/life-proposal/expert_macromicro_housing_market_20240222/,1
https://www.farglory-realty.com.tw/life-proposal/expert_macromicro_mec_energy_20240408/,1
https://www.farglory-realty.com.tw/life-proposal/expert_macromicro_mec_q2tec_20240903/,1
https://www.farglory-realty.com.tw/life-proposal/expert_peizhen_commercial_capitalist-development_20250402/,1
https://www.farglory-realty.com.tw/life-proposal/expert_peizhen_oee_2025h2/,1
https://www.farglory-realty.com.tw/life-proposal/expert_peizhen_office-rental_20250805/,1
https://www.farglory-realty.com.tw/life-proposal/expert_peizhen_property-2025q2_20250707/,1
https://www.farglory-realty.com.tw/life-proposal/expert_peizhen_q1view_20230519/,1
https://www.farglory-realty.com.tw/life-proposal/expert_zhu_property_divorce_20240420/,1
https://www.farglory-realty.com.tw/life-proposal/expert_zhu_property_inheritance-1_vedio_20241128/,1
https://www.farglory-realty.com.tw/life-proposal/expert_zhu_video_trust/,1
https://www.farglory-realty.com.tw/life-proposal/firstbuy_20230427/,1
https://www.farglory-realty.com.tw/life-proposal/gigahouse_art_20220712/,1
https://www.farglory-realty.com.tw/life-proposal/interest_rate/,1
https://www.farglory-realty.com.tw/life-proposal/macroeconomics_20221108/,1
https://www.farglory-realty.com.tw/life-proposal/prevention1/,1
https://www.farglory-realty.com.tw/life-proposal/rental_allowance20220707/,1
https://www.farglory-realty.com.tw/life-proposal/space_design_smallhouse1_20240411/,1
https://www.farglory-realty.com.tw/life-proposal/space_light_20230614/,1
https://www.farglory-realty.com.tw/life-proposal/tax_mitigation_housetax_20220902/,1
https://www.farglory-realty.com.tw/life-proposal/theme_ping_20230117/,1
https://www.farglory-realty.com.tw/wom-recommendation/farglory-star8/,1
https://www.farglory-realty.com.tw/wom-recommendation/h100_chang_family/,1
https://www.farglory-realty.com.tw/wom-recommendation/liu_couple/,1
https://www.farglory-realty.com.tw/wom-recommendation/mr-que/,1
